SMILES,MD_Fracture_Stress_GPa,Gaussian_NLL_Predicted_Mean_GPa,MSE_Predicted_Mean_GPa,Gaussian_NLL_Std_GPa,MSE_Std_GPa
CC(C)(c1ccc(C*)cc1)c1ccc(CN2C(=O)c3ccc(C(O)c4ccc5c(c4)C(=O)N(*)C5=O)cc3C2=O)cc1,3.316418145,2.6267803,2.6382,0.40667605,0.46944842
CC(C)(c1ccc(C*)cc1)c1ccc(CN2C(=O)c3ccc(/C=C/C(O)/C=C/c4ccc5c(c4)C(=O)N(*)C5=O)cc3C2=O)cc1,3.904317486,2.06053,2.11049,0.45073918,0.30295628
O=C(OCc1ccc(Cc2ccc(COC(=O)c3ccc4c(c3)C(=O)N(Cc3ccc(C(O)C(O)c5ccc(C*)cc5)cc3)C4=O)cc2)cc1)c1ccc2c(c1)C(=O)N(*)C2=O,4.015623835,2.9766402,2.78287,0.42450297,0.38570666
O=C(c1ccc2c(c1)C(=O)N(*)C2=O)c1ccc2c(c1)C(=O)N(Cc1ccc(COCc3ccc(C*)cc3)cc1)C2=O,4.11451408,2.69589,2.56991,0.34180334,0.33398664
O=C1c2ccc(C(O)C(O)c3ccc4c(c3)C(=O)N(Cc3ccc(/C=C/c5ccc(C*)cc5)cc3)C4=O)cc2C(=O)N1*,4.23037615,3.22593,2.9323401,0.7348838,0.87120134
O=C1/C(=C/c2ccc(C*)cc2)CC/C1=C\c1ccc(CN2C(=O)c3ccc(C(=O)c4ccc(/C=C5\CC/C(=C\c6ccc(C(=O)c7ccc8c(c7)C(=O)N(*)C8=O)cc6)C5=O)cc4)cc3C2=O)cc1,4.31519448,2.3323102,2.22139,0.37039074,0.36185622
O=C1/C(=C/c2ccc(C(=O)c3ccc4c(c3)C(=O)N(*)C4=O)cc2)CCC/C1=C\c1ccc(C(=O)c2ccc3c(c2)C(=O)N(Cc2ccc(COCc4ccc(C*)cc4)cc2)C3=O)cc1,4.324940714,2.5877397,2.58359,0.43354747,0.39743888
O=C(OCc1ccc(C#CC#Cc2ccc(COC(=O)c3ccc4c(c3)C(=O)N(Cc3ccc(CCC(O)CCc5ccc(C*)cc5)cc3)C4=O)cc2)cc1)c1ccc2c(c1)C(=O)N(*)C2=O,4.353207665,2.6735604,2.38479,0.4341057,0.45543242
O=C(Nc1ccc2c(c1)C(=O)N(*)C2=O)c1ccc(C(=O)c2ccc(C(=O)Nc3ccc4c(c3)C(=O)N(Cc3ccc(CCC(O)CCc5ccc(C*)cc5)cc3)C4=O)cc2)cc1,4.39374132,2.53119,1.8419199,0.3604203,0.44129646
O=C1c2ccc(-c3ccc(Cc4ccc(-c5ccc6c(c5)C(=O)N(Cc5ccc(CCC(O)CCc7ccc(C*)cc7)cc5)C6=O)cc4)cc3)cc2C(=O)N1*,4.48888459,2.8564098,2.20171,0.3452674,0.4804379
O=C1c2ccc(-c3ccc4c(c3)C(=O)N(Cc3ccc(/C=C/c5ccc(C*)cc5)cc3)C4=O)cc2C(=O)N1*,4.576911043,2.79745,2.32453,0.48552397,0.5145415
O=C(Oc1ccc2c(c1)C(=O)N(*)C2=O)c1ccc(C(O)c2ccc(C(=O)Oc3ccc4c(c3)C(=O)N(Cc3ccc(C(O)C(O)c5ccc(C*)cc5)cc3)C4=O)cc2)cc1,4.624988219,2.98822,2.66686,0.41985264,0.43989927
O=C(Oc1ccc2c(c1)C(=O)N(*)C2=O)c1ccc(-c2ccc(-c3ccc(C(=O)Oc4ccc5c(c4)C(=O)N(Cc4ccc(CCC(O)CCc6ccc(C*)cc6)cc4)C5=O)cc3)cc2)cc1,4.752806882,3.08193,2.68569,0.35836175,0.43764898
O=C(c1ccc(-c2ccc3c(c2)C(=O)N(Cc2ccc(/C=C/c4ccc(C*)cc4)cc2)C3=O)cc1)C(O)c1ccc(-c2ccc3c(c2)C(=O)N(*)C3=O)cc1,4.913635126,2.60023,2.14848,0.38677838,0.3512804
O=C(c1ccc(CN2C(=O)c3ccc(OCc4ccc(/C=C/c5ccc(COc6ccc7c(c6)C(=O)N(*)C7=O)cc5)cc4)cc3C2=O)cc1)C(O)c1ccc(C*)cc1,5.097543646,2.7919297,2.5637698,0.44536892,0.36966506
O=C1/C(=C/c2ccc(C(=O)Oc3ccc4c(c3)C(=O)N(*)C4=O)cc2)CC/C1=C\c1ccc(C(=O)Oc2ccc3c(c2)C(=O)N(Cc2ccc(COCc4ccc(C*)cc4)cc2)C3=O)cc1,5.101609617,3.3025403,3.30969,0.37521687,0.3605527
O=C(c1ccc(CN2C(=O)c3ccc(OCc4ccc(Oc5ccc(COc6ccc7c(c6)C(=O)N(*)C7=O)cc5)cc4)cc3C2=O)cc1)C(O)c1ccc(C*)cc1,5.316907605,3.1513698,2.8783002,0.4873536,0.28840855
CN(Cc1ccc(CNC(=O)c2ccc(*)cc2)cc1)Cc1ccc(CNC(=O)c2ccc(N3C(=O)c4ccc(OCc5ccc(Cc6ccc(COc7ccc8c(c7)C(=O)N(*)C8=O)cc6)cc5)cc4C3=O)cc2)cc1,7.966610725,8.47687,7.5159097,0.3317115,0.38288403
O=C(OCc1ccc(-c2ccc(-c3ccc(COC(=O)c4ccc(N5C(=O)c6ccc(Cc7ccc8c(c7)C(=O)N(*)C8=O)cc6C5=O)cc4)cc3)[nH]2)cc1)c1ccc(*)cc1,8.041513022,9.13925,8.24085,0.31851205,0.5057295
O=C(Nc1ccc2c(c1)C(=O)N(*)C2=O)c1ccc(COCc2ccc(C(=O)Nc3ccc4c(c3)C(=O)N(c3ccc(C(=O)OCc5ccc(C(=O)c6ccc(COC(=O)c7ccc(*)cc7)cc6)cc5)cc3)C4=O)cc2)cc1,8.251000948,8.59785,7.95172,0.43708292,0.52937746
O=C(NCc1ccc(Cc2ccc(CNC(=O)c3ccc(N4C(=O)c5ccc(C(=O)c6ccc(C(O)CC(O)c7ccc(C(=O)c8ccc9c(c8)C(=O)N(*)C9=O)cc7)cc6)cc5C4=O)cc3)cc2)cc1)c1ccc(*)cc1,8.29701273,8.34541,7.5774803,0.3477808,0.43615878
O=C(Nc1ccc2c(c1)C(=O)N(*)C2=O)c1ccc(CCC(O)CCc2ccc(C(=O)Nc3ccc4c(c3)C(=O)N(c3ccc(C(=O)OCc5ccc(C(=O)c6ccc(COC(=O)c7ccc(*)cc7)cc6)cc5)cc3)C4=O)cc2)cc1,8.353057851,8.16083,7.40095,0.42798948,0.6571776
CC(C)(c1ccc(CNC(=O)c2ccc(*)cc2)cc1)c1ccc(CNC(=O)c2ccc(N3C(=O)c4ccc(-c5ccc(C(=O)C(=O)c6ccc(-c7ccc8c(c7)C(=O)N(*)C8=O)cc6)cc5)cc4C3=O)cc2)cc1,8.360030127,7.9919405,6.96371,0.29779258,0.38516253
O=C(Nc1ccc(*)cc1)c1ccc(COCOCc2ccc(C(=O)Nc3ccc(N4C(=O)c5ccc(NC(=O)c6ccc(C(=O)C(=O)c7ccc(C(=O)Nc8ccc9c(c8)C(=O)N(*)C9=O)cc7)cc6)cc5C4=O)cc3)cc2)cc1,8.433460057,8.72297,8.11661,0.53301966,0.54074913
O=C(OCc1ccc(-c2ccc(-c3ccc(COC(=O)c4ccc5c(c4)C(=O)N(c4ccc(OCc6ccc(-c7ccc(-c8ccc(COc9ccc(*)cc9)cc8)[nH]7)cc6)cc4)C5=O)cc3)[nH]2)cc1)c1ccc2c(c1)C(=O)N(*)C2=O,8.969468425,10.44454,9.75324,0.4457713,0.6833402
O=C(NCc1ccc(Cc2ccc(CNC(=O)c3ccc(N4C(=O)c5ccc(COCc6ccc7c(c6)C(=O)N(*)C7=O)cc5C4=O)cc3)cc2)cc1)c1ccc(*)cc1,9.054069327,8.18369,7.1249704,0.3717398,0.450407
O=C(Nc1ccc2c(c1)C(=O)N(*)C2=O)c1ccc(C(=O)Nc2ccc3c(c2)C(=O)N(c2ccc(OCc4ccc(C(=O)C(O)c5ccc(COc6ccc(*)cc6)cc5)cc4)cc2)C3=O)cc1,9.329200097,6.7224603,5.197,0.88374937,0.7066622
O=C(Nc1ccc(*)cc1)c1ccc(Cc2ccc(C(=O)Nc3ccc(N4C(=O)c5ccc(C(=O)OCc6ccc(OCCOCc7ccc(COC(=O)c8ccc9c(c8)C(=O)N(*)C9=O)cc7)cc6)cc5C4=O)cc3)cc2)cc1,9.436293651,11.54563,10.410049,0.47018182,0.659273
O=C(/C=C/c1ccc(C(=O)Nc2ccc(*)cc2)cc1)/C=C/c1ccc(C(=O)Nc2ccc(N3C(=O)c4ccc(-c5ccc(COCOCc6ccc(-c7ccc8c(c7)C(=O)N(*)C8=O)cc6)cc5)cc4C3=O)cc2)cc1,9.55983596,9.67775,8.69606,0.5944433,0.40386876
O=C(/C=C/c1ccc(C(=O)Nc2ccc(*)cc2)cc1)/C=C/c1ccc(C(=O)Nc2ccc(N3C(=O)c4ccc(OCc5ccc(/C=C/C(O)/C=C/c6ccc(COc7ccc8c(c7)C(=O)N(*)C8=O)cc6)cc5)cc4C3=O)cc2)cc1,9.665149267,9.83548,8.2142105,0.8407069,0.6993695
O=C(Nc1ccc(*)cc1)c1ccc(Cc2ccc(C(=O)Nc3ccc(N4C(=O)c5ccc(C(O)CC(O)c6ccc7c(c6)C(=O)N(*)C7=O)cc5C4=O)cc3)cc2)cc1,9.919770176,10.84426,8.86607,0.8231376,0.93034935
O=C(Nc1ccc(*)cc1)c1ccc(COCCOCc2ccc(C(=O)Nc3ccc(N4C(=O)c5ccc(OC(=O)c6ccc(/C=C/C(O)/C=C/c7ccc(C(=O)Oc8ccc9c(c8)C(=O)N(*)C9=O)cc7)cc6)cc5C4=O)cc3)cc2)cc1,9.932710078,11.68053,10.583359,0.6762726,0.750686
CC(C)(c1ccc(COc2ccc3c(c2)C(=O)N(*)C3=O)cc1)c1ccc(COc2ccc3c(c2)C(=O)N(c2ccc(-c4ccc(COCc5ccc(-c6ccc(*)cc6)cc5)cc4)cc2)C3=O)cc1,9.982273267,10.99786,9.999701,0.70201343,0.67100835
O=C(Nc1ccc(*)cc1)c1ccc(C#CC#Cc2ccc(C(=O)Nc3ccc(N4C(=O)c5ccc(-c6ccc(/C=C/c7ccc(-c8ccc9c(c8)C(=O)N(*)C9=O)cc7)cc6)cc5C4=O)cc3)cc2)cc1,10.03810291,9.5305195,7.534139,1.21562,0.57119954
CN(Cc1ccc(-c2ccc3c(c2)C(=O)N(*)C3=O)cc1)Cc1ccc(-c2ccc3c(c2)C(=O)N(c2ccc(C(=O)c4ccc(COCc5ccc(C(=O)c6ccc(*)cc6)cc5)cc4)cc2)C3=O)cc1,10.09080065,9.831409,8.8349,0.33687136,0.4697893
O=C(c1ccc(*)cc1)c1ccc(COCc2ccc(C(=O)c3ccc(N4C(=O)c5ccc(OCc6ccc(COCCOCc7ccc(COc8ccc9c(c8)C(=O)N(*)C9=O)cc7)cc6)cc5C4=O)cc3)cc2)cc1,10.14920589,11.557381,10.3880005,0.5141265,0.9056994
O=C(Nc1ccc(*)cc1)c1ccc(C#CC#Cc2ccc(C(=O)Nc3ccc(N4C(=O)c5ccc(OCc6ccc(C(=O)C(=O)c7ccc(COc8ccc9c(c8)C(=O)N(*)C9=O)cc7)cc6)cc5C4=O)cc3)cc2)cc1,10.26210573,9.47344,8.226561,0.8347663,0.66920644
O=C(OCc1ccc(COCc2ccc(COC(=O)c3ccc(N4C(=O)c5ccc(OC(=O)c6ccc(C(=O)C(=O)c7ccc(C(=O)Oc8ccc9c(c8)C(=O)N(*)C9=O)cc7)cc6)cc5C4=O)cc3)cc2)cc1)c1ccc(*)cc1,10.31478534,10.21356,9.26063,0.25926408,0.5958027
O=C(OCc1ccc(-c2ccc(COC(=O)c3ccc4c(c3)C(=O)N(c3ccc(OCc5ccc(CCC(O)CCc6ccc(COc7ccc(*)cc7)cc6)cc5)cc3)C4=O)cc2)cc1)c1ccc2c(c1)C(=O)N(*)C2=O,10.68163719,11.37628,10.20424,0.4970756,0.65237486
O=C(OCc1ccc(C(=O)c2ccc(COC(=O)c3ccc(N4C(=O)c5ccc(OC(=O)c6ccc(C#CC#Cc7ccc(C(=O)Oc8ccc9c(c8)C(=O)N(*)C9=O)cc7)cc6)cc5C4=O)cc3)cc2)cc1)c1ccc(*)cc1,11.03828738,10.59939,9.50024,0.4556947,0.698955
O=C(Oc1ccc2c(c1)C(=O)N(*)C2=O)c1ccc(C(=O)c2ccc(C(=O)Oc3ccc4c(c3)C(=O)N(c3ccc(OCc5ccc(CCC(O)CCc6ccc(COc7ccc(*)cc7)cc6)cc5)cc3)C4=O)cc2)cc1,11.46793522,13.44193,12.190129,0.58011854,0.5770902
O=C1/C(=C/c2ccc(COC(=O)c3ccc4c(c3)C(=O)N(*)C4=O)cc2)CCC/C1=C\c1ccc(COC(=O)c2ccc3c(c2)C(=O)N(c2ccc(OC(=O)c4ccc(-c5ccc(-c6ccc(C(=O)Oc7ccc(*)cc7)cc6)cc5)cc4)cc2)C3=O)cc1,11.96958175,11.841331,11.048391,0.30709082,0.60628474
O=C1c2ccc(-c3ccc(C(O)c4ccc(-c5ccc6c(c5)C(=O)N(c5ccc(OCc7ccc(-c8ccc(-c9ccc(COc%10ccc(*)cc%10)cc9)[nH]8)cc7)cc5)C6=O)cc4)cc3)cc2C(=O)N1*,12.07543846,12.4816,10.979311,1.0144991,0.38587037
O=C(CC(=O)c1ccc(-c2ccc3c(c2)C(=O)N(c2ccc(-c4ccc(COCc5ccc(-c6ccc(*)cc6)cc5)cc4)cc2)C3=O)cc1)c1ccc(-c2ccc3c(c2)C(=O)N(*)C3=O)cc1,12.13674379,13.316839,11.831749,0.46546236,0.908163
O=C(c1ccc(/C=C/C(O)/C=C/c2ccc(C(=O)c3ccc4c(c3)C(=O)N(c3ccc(OCc5ccc(-c6ccc(-c7ccc(COc8ccc(*)cc8)cc7)[nH]6)cc5)cc3)C4=O)cc2)cc1)c1ccc2c(c1)C(=O)N(*)C2=O,12.78693099,13.13013,11.653139,0.72306633,0.4490511
O=C(Oc1ccc(*)cc1)c1ccc(Oc2ccc(C(=O)Oc3ccc(N4C(=O)c5ccc(-c6ccc(/C=C/C(O)/C=C/c7ccc(-c8ccc9c(c8)C(=O)N(*)C9=O)cc7)cc6)cc5C4=O)cc3)cc2)cc1,12.83168665,15.47791,14.768331,0.5925415,0.53122663
O=C1/C(=C/c2ccc(C(=O)c3ccc4c(c3)C(=O)N(*)C4=O)cc2)CCC/C1=C\c1ccc(C(=O)c2ccc3c(c2)C(=O)N(c2ccc(OC(=O)c4ccc(Oc5ccc(C(=O)Oc6ccc(*)cc6)cc5)cc4)cc2)C3=O)cc1,13.13420014,15.30834,14.31649,0.63344413,0.51539564
O=C(Oc1ccc(*)cc1)c1ccc(Oc2ccc(C(=O)Oc3ccc(N4C(=O)c5ccc(C(=O)c6ccc(COCCOCc7ccc(C(=O)c8ccc9c(c8)C(=O)N(*)C9=O)cc7)cc6)cc5C4=O)cc3)cc2)cc1,13.39719471,14.316248,13.764481,0.37656394,0.66338253
